{"cameraMode":{"drawMode":0,"name":"Shaded","section":"Shading Mode"},"sceneLighting":true,"audioPlay":false,"sceneViewState":{"showFog":true,"showMaterialUpdate":false,"showSkybox":true,"showFlares":true,"showImageEffects":true,"showParticleSystems":true},"in2DMode":false,"pivot":{"x":1.9393460750579835,"y":-42.02129364013672,"z":93.75587463378906},"rotation":{"x":-0.21329371631145478,"y":0.1566111445426941,"z":-0.03466134890913963,"w":-0.9637309908866882},"size":232.83355712890626,"orthographic":false}